<?xml version="1.0" encoding="UTF-8"?><sv:node xmlns:sv="http://www.jcp.org/jcr/sv/1.0" xmlns:exo="http://www.exoplatform.com/jcr/exo/1.0" xmlns:exoks="http://www.exoplatform.com/exoks/2.0" xmlns:fn="http://www.w3.org/2005/xpath-functions" xmlns:fn_old="http://www.w3.org/2004/10/xpath-functions" xmlns:gtn="http://www.gatein.org/jcr/gatein/1.0/" xmlns:jcr="http://www.jcp.org/jcr/1.0" xmlns:mix="http://www.jcp.org/jcr/mix/1.0" xmlns:mop="http://www.gatein.org/jcr/mop/1.0/" xmlns:nt="http://www.jcp.org/jcr/nt/1.0" xmlns:rep="internal" xmlns:xs="http://www.w3.org/2001/XMLSchema" exoks:applicationName="eXo Knowledge Suite - Answers" exoks:checkSum="8850ddf980432b48f3c897cd38ca1ea66e5b017c" exoks:exportDate="Wed Apr 10 07:14:22 ICT 2013" exoks:objectType="Category" sv:name="Categoryf2cb97c9c0a8047100e7d68586e3827c"><sv:property sv:name="jcr:primaryType" sv:type="Name"><sv:value>exo:faqCategory</sv:value></sv:property><sv:property sv:name="jcr:mixinTypes" sv:type="Name"><sv:value>mix:faqSubCategory</sv:value></sv:property><sv:property sv:name="exo:createdDate" sv:type="Date"><sv:value>2013-04-10T07:14:21.778+07:00</sv:value></sv:property><sv:property sv:name="exo:description" sv:type="String"><sv:value>Description</sv:value></sv:property><sv:property sv:name="exo:id" sv:type="String"><sv:value>Categoryf2cb97c9c0a8047100e7d68586e3827c</sv:value></sv:property><sv:property sv:name="exo:index" sv:type="Long"><sv:value>1</sv:value></sv:property><sv:property sv:name="exo:isModerateAnswers" sv:type="Boolean"><sv:value>true</sv:value></sv:property><sv:property sv:name="exo:isModerateQuestions" sv:type="Boolean"><sv:value>true</sv:value></sv:property><sv:property sv:name="exo:isView" sv:type="Boolean"><sv:value>true</sv:value></sv:property><sv:property sv:name="exo:moderators" sv:type="String"><sv:value>root</sv:value></sv:property><sv:property sv:name="exo:name" sv:type="String"><sv:value>Category 1 to test question</sv:value></sv:property><sv:property sv:name="exo:userPrivate" sv:type="String"><sv:value/></sv:property><sv:property sv:name="exo:viewAuthorInfor" sv:type="Boolean"><sv:value>true</sv:value></sv:property><sv:node sv:name="questions"><sv:property sv:name="jcr:primaryType" sv:type="Name"><sv:value>exo:faqQuestionHome</sv:value></sv:property><sv:node sv:name="Questionf2cb9850c0a8047100114ff008906c9b"><sv:property sv:name="jcr:primaryType" sv:type="Name"><sv:value>exo:faqQuestion</sv:value></sv:property><sv:property sv:name="exo:author" sv:type="String"><sv:value>root</sv:value></sv:property><sv:property sv:name="exo:categoryId" sv:type="String"><sv:value>Categoryf2cb97c9c0a8047100e7d68586e3827c</sv:value></sv:property><sv:property sv:name="exo:createdDate" sv:type="Date"><sv:value>2013-04-10T07:14:21.905+07:00</sv:value></sv:property><sv:property sv:name="exo:email" sv:type="String"><sv:value>exotesting@exoplatform.com</sv:value></sv:property><sv:property sv:name="exo:id" sv:type="String"><sv:value>Questionf2cb9850c0a8047100114ff008906c9b</sv:value></sv:property><sv:property sv:name="exo:isActivated" sv:type="Boolean"><sv:value>true</sv:value></sv:property><sv:property sv:name="exo:isApproved" sv:type="Boolean"><sv:value>true</sv:value></sv:property><sv:property sv:name="exo:language" sv:type="String"><sv:value>English</sv:value></sv:property><sv:property sv:name="exo:lastActivity" sv:type="String"><sv:value>root-1365552861905</sv:value></sv:property><sv:property sv:name="exo:link" sv:type="String"><sv:value/></sv:property><sv:property sv:name="exo:markVote" sv:type="Double"><sv:value>0.0</sv:value></sv:property><sv:property sv:name="exo:name" sv:type="String"><sv:value>Add new question 1</sv:value></sv:property><sv:property sv:name="exo:title" sv:type="String"><sv:value>This question for test</sv:value></sv:property><sv:property sv:name="exo:usersVote" sv:type="String"/></sv:node><sv:node sv:name="Questionf2cb9850c0a8047100975325911c1663"><sv:property sv:name="jcr:primaryType" sv:type="Name"><sv:value>exo:faqQuestion</sv:value></sv:property><sv:property sv:name="exo:author" sv:type="String"><sv:value>root</sv:value></sv:property><sv:property sv:name="exo:categoryId" sv:type="String"><sv:value>Categoryf2cb97c9c0a8047100e7d68586e3827c</sv:value></sv:property><sv:property sv:name="exo:createdDate" sv:type="Date"><sv:value>2013-04-10T07:14:21.930+07:00</sv:value></sv:property><sv:property sv:name="exo:email" sv:type="String"><sv:value>root@exoplatform.com</sv:value></sv:property><sv:property sv:name="exo:id" sv:type="String"><sv:value>Questionf2cb9850c0a8047100975325911c1663</sv:value></sv:property><sv:property sv:name="exo:isActivated" sv:type="Boolean"><sv:value>true</sv:value></sv:property><sv:property sv:name="exo:isApproved" sv:type="Boolean"><sv:value>true</sv:value></sv:property><sv:property sv:name="exo:language" sv:type="String"><sv:value>English</sv:value></sv:property><sv:property sv:name="exo:lastActivity" sv:type="String"><sv:value>root-1365552861930</sv:value></sv:property><sv:property sv:name="exo:link" sv:type="String"><sv:value/></sv:property><sv:property sv:name="exo:markVote" sv:type="Double"><sv:value>0.0</sv:value></sv:property><sv:property sv:name="exo:name" sv:type="String"><sv:value>Really?</sv:value></sv:property><sv:property sv:name="exo:title" sv:type="String"><sv:value>This question for test</sv:value></sv:property><sv:property sv:name="exo:usersVote" sv:type="String"/></sv:node><sv:node sv:name="Questionf2cb9850c0a8047100d3bf29c3203b90"><sv:property sv:name="jcr:primaryType" sv:type="Name"><sv:value>exo:faqQuestion</sv:value></sv:property><sv:property sv:name="exo:author" sv:type="String"><sv:value>Kenny</sv:value></sv:property><sv:property sv:name="exo:categoryId" sv:type="String"><sv:value>Categoryf2cb97c9c0a8047100e7d68586e3827c</sv:value></sv:property><sv:property sv:name="exo:createdDate" sv:type="Date"><sv:value>2013-04-10T07:14:21.950+07:00</sv:value></sv:property><sv:property sv:name="exo:email" sv:type="String"><sv:value>kenny@exoplatform.com</sv:value></sv:property><sv:property sv:name="exo:id" sv:type="String"><sv:value>Questionf2cb9850c0a8047100d3bf29c3203b90</sv:value></sv:property><sv:property sv:name="exo:isActivated" sv:type="Boolean"><sv:value>true</sv:value></sv:property><sv:property sv:name="exo:isApproved" sv:type="Boolean"><sv:value>true</sv:value></sv:property><sv:property sv:name="exo:language" sv:type="String"><sv:value>English</sv:value></sv:property><sv:property sv:name="exo:lastActivity" sv:type="String"><sv:value>Kenny-1365552861950</sv:value></sv:property><sv:property sv:name="exo:link" sv:type="String"><sv:value/></sv:property><sv:property sv:name="exo:markVote" sv:type="Double"><sv:value>0.0</sv:value></sv:property><sv:property sv:name="exo:name" sv:type="String"><sv:value>What does eXo Forum do?</sv:value></sv:property><sv:property sv:name="exo:title" sv:type="String"><sv:value>This question for test</sv:value></sv:property><sv:property sv:name="exo:usersVote" sv:type="String"/></sv:node><sv:node sv:name="Questionf2cb9850c0a8047101ab49479d342872"><sv:property sv:name="jcr:primaryType" sv:type="Name"><sv:value>exo:faqQuestion</sv:value></sv:property><sv:property sv:name="exo:author" sv:type="String"><sv:value>John Anthony</sv:value></sv:property><sv:property sv:name="exo:categoryId" sv:type="String"><sv:value>Categoryf2cb97c9c0a8047100e7d68586e3827c</sv:value></sv:property><sv:property sv:name="exo:createdDate" sv:type="Date"><sv:value>2013-04-10T07:14:21.975+07:00</sv:value></sv:property><sv:property sv:name="exo:email" sv:type="String"><sv:value>john@exoplatform.com</sv:value></sv:property><sv:property sv:name="exo:id" sv:type="String"><sv:value>Questionf2cb9850c0a8047101ab49479d342872</sv:value></sv:property><sv:property sv:name="exo:isActivated" sv:type="Boolean"><sv:value>true</sv:value></sv:property><sv:property sv:name="exo:isApproved" sv:type="Boolean"><sv:value>true</sv:value></sv:property><sv:property sv:name="exo:language" sv:type="String"><sv:value>English</sv:value></sv:property><sv:property sv:name="exo:lastActivity" sv:type="String"><sv:value>John Anthony-1365552861975</sv:value></sv:property><sv:property sv:name="exo:link" sv:type="String"><sv:value/></sv:property><sv:property sv:name="exo:markVote" sv:type="Double"><sv:value>0.0</sv:value></sv:property><sv:property sv:name="exo:name" sv:type="String"><sv:value>Tell me why?</sv:value></sv:property><sv:property sv:name="exo:title" sv:type="String"><sv:value>This question for test</sv:value></sv:property><sv:property sv:name="exo:usersVote" sv:type="String"/></sv:node><sv:node sv:name="Questionf2cb9850c0a804710058097dfbfe1e2d"><sv:property sv:name="jcr:primaryType" sv:type="Name"><sv:value>exo:faqQuestion</sv:value></sv:property><sv:property sv:name="exo:author" sv:type="String"><sv:value>Mary Kelly</sv:value></sv:property><sv:property sv:name="exo:categoryId" sv:type="String"><sv:value>Categoryf2cb97c9c0a8047100e7d68586e3827c</sv:value></sv:property><sv:property sv:name="exo:createdDate" sv:type="Date"><sv:value>2013-04-10T07:14:22.000+07:00</sv:value></sv:property><sv:property sv:name="exo:email" sv:type="String"><sv:value>mary@exoplatform.com</sv:value></sv:property><sv:property sv:name="exo:id" sv:type="String"><sv:value>Questionf2cb9850c0a804710058097dfbfe1e2d</sv:value></sv:property><sv:property sv:name="exo:isActivated" sv:type="Boolean"><sv:value>true</sv:value></sv:property><sv:property sv:name="exo:isApproved" sv:type="Boolean"><sv:value>true</sv:value></sv:property><sv:property sv:name="exo:language" sv:type="String"><sv:value>English</sv:value></sv:property><sv:property sv:name="exo:lastActivity" sv:type="String"><sv:value>Mary Kelly-1365552862000</sv:value></sv:property><sv:property sv:name="exo:link" sv:type="String"><sv:value/></sv:property><sv:property sv:name="exo:markVote" sv:type="Double"><sv:value>0.0</sv:value></sv:property><sv:property sv:name="exo:name" sv:type="String"><sv:value>How can I build eXo Forum?</sv:value></sv:property><sv:property sv:name="exo:title" sv:type="String"><sv:value>This question for test</sv:value></sv:property><sv:property sv:name="exo:usersVote" sv:type="String"/></sv:node></sv:node></sv:node>